City_ID,City,Country,Date,Lat,Lng,Max Temp,Humidity,Cloudiness,Wind Speed
0,Rikitea,PF,2021-09-18 02:18:45,-23.1203,-134.9692,72.3,75,98,11.12
1,Jawhar,SO,2021-09-18 02:18:45,2.7809,45.5005,75.0,82,62,10.94
2,Bluff,NZ,2021-09-18 02:18:45,-46.6,168.3333,54.81,61,8,7.61
3,Vaini,TO,2021-09-18 02:18:45,-21.2,-175.2,76.96,80,10,5.66
4,Port Elizabeth,ZA,2021-09-18 02:18:46,-33.918,25.5701,48.09,72,7,5.59
5,Barrow,US,2021-09-18 02:18:46,71.2906,-156.7887,30.27,87,100,7.76
6,Ilulissat,GL,2021-09-18 02:18:46,69.2167,-51.1,12.88,70,0,6.62
7,Horta,PT,2021-09-18 02:14:07,38.5333,-28.6333,68.22,80,98,6.53
8,Inirida,CO,2021-09-18 02:16:10,3.8653,-67.9239,74.05,94,37,2.57
9,Sardarshahr,IN,2021-09-18 02:18:46,28.4333,74.4833,80.31,71,0,3.62
10,Broome,US,2021-09-18 02:18:47,42.2506,-75.833,70.61,78,38,1.01
11,Torbay,CA,2021-09-18 02:18:47,47.6666,-52.7314,55.27,86,90,4.0
12,Nhamunda,BR,2021-09-18 02:18:47,-2.1861,-56.7131,73.81,92,14,2.19
13,Northam,GB,2021-09-18 02:18:47,51.0333,-4.2167,60.67,94,100,3.87
14,Cape Town,ZA,2021-09-18 02:18:47,-33.9258,18.4232,55.89,76,0,1.99
15,Bastia,FR,2021-09-18 02:18:48,42.6667,9.3333,73.29,78,1,10.0
16,Port Alfred,ZA,2021-09-18 02:18:48,-33.5906,26.891,55.38,62,48,4.21
17,Solna,SK,2021-09-18 02:18:48,49.2231,18.7394,55.6,95,100,1.7
18,Ponta Do Sol,PT,2021-09-18 02:18:49,32.6667,-17.1,74.01,80,52,2.24
19,Kapaa,US,2021-09-18 02:17:28,22.0752,-159.319,79.12,59,100,4.0
20,Ushuaia,AR,2021-09-18 02:18:49,-54.8,-68.3,34.72,89,97,3.67
21,Busselton,AU,2021-09-18 02:18:49,-33.65,115.3333,61.05,76,61,16.28
22,Mar Del Plata,AR,2021-09-18 02:18:49,-38.0023,-57.5575,52.77,87,3,10.45
23,Ewa Beach,US,2021-09-18 02:18:50,21.3156,-158.0072,82.09,70,100,20.89
24,Nikolskoye,RU,2021-09-18 02:18:50,59.7035,30.7861,44.02,62,100,3.33
25,Carnarvon,AU,2021-09-18 02:18:50,-24.8667,113.6333,69.26,29,0,17.94
26,Hobart,AU,2021-09-18 02:15:04,-42.8794,147.3294,58.05,55,54,4.0
27,Benton Harbor,US,2021-09-18 02:18:51,42.1167,-86.4542,74.21,72,11,3.4
28,Washougal,US,2021-09-18 02:18:51,45.5826,-122.3534,75.6,55,100,5.01
29,Luderitz,NA,2021-09-18 02:18:51,-26.6481,15.1594,55.27,78,1,17.96
30,Sarangani,PH,2021-09-18 02:18:51,5.4033,125.4636,82.45,74,100,12.26
31,Mantua,IT,2021-09-18 02:14:33,45.1667,10.7833,70.09,86,4,5.01
32,Bambanglipuro,ID,2021-09-18 02:18:51,-7.95,110.2833,83.19,68,34,12.86
33,Areia Branca,BR,2021-09-18 02:18:52,-4.9561,-37.1369,76.84,73,91,16.55
34,Castro,BR,2021-09-18 02:18:52,-24.7911,-50.0119,57.83,98,100,3.67
35,Araioses,BR,2021-09-18 02:18:52,-2.89,-41.9031,79.57,78,46,10.63
36,Mpanda,TZ,2021-09-18 02:18:52,-6.3655,31.0409,72.72,58,88,3.11
37,Butaritari,KI,2021-09-18 02:18:53,3.0707,172.7902,82.44,74,20,13.78
38,Lasa,IT,2021-09-18 02:18:53,46.6166,10.7002,59.61,87,52,2.91
39,Kaitangata,NZ,2021-09-18 02:18:53,-46.2817,169.8464,51.84,51,5,8.52
40,Prado,BR,2021-09-18 02:18:53,-17.3411,-39.2208,69.82,74,0,6.04
41,Albany,US,2021-09-18 02:18:06,42.6001,-73.9662,69.39,92,85,3.29
42,Dikson,RU,2021-09-18 02:18:54,73.5069,80.5464,33.33,76,19,21.85
43,Yumen,CN,2021-09-18 02:18:54,40.2833,97.2,70.56,25,24,19.73
44,Lebu,CL,2021-09-18 02:18:54,-37.6167,-73.65,50.02,85,100,9.26
45,Meulaboh,ID,2021-09-18 02:18:54,4.1363,96.1285,79.16,87,95,3.96
46,Cidreira,BR,2021-09-18 02:18:54,-30.1811,-50.2056,61.03,95,54,10.96
47,Poum,NC,2021-09-18 02:18:55,-20.2333,164.0167,71.24,57,2,15.39
48,Lodja,CD,2021-09-18 02:18:55,-3.4833,23.4333,68.94,96,87,2.44
49,Katsuura,JP,2021-09-18 02:18:55,35.1333,140.3,77.47,87,100,24.72
50,Atuona,PF,2021-09-18 02:18:55,-9.8,-139.0333,78.33,70,1,17.49
51,Puerto Ayora,EC,2021-09-18 02:18:56,-0.7393,-90.3518,67.55,97,86,4.0
52,Quelimane,MZ,2021-09-18 02:18:56,-17.8786,36.8883,74.32,83,83,9.62
53,Hilo,US,2021-09-18 02:18:56,19.7297,-155.09,86.29,84,100,3.0
54,Mao,ES,2021-09-18 02:18:56,39.8885,4.2658,74.44,76,0,6.62
55,Blyth,GB,2021-09-18 02:18:57,55.1271,-1.5086,58.33,88,100,2.57
56,Namangan,UZ,2021-09-18 02:18:57,40.9983,71.6726,71.64,17,0,3.6
57,Hasaki,JP,2021-09-18 02:18:57,35.7333,140.8333,76.17,88,100,25.97
58,Alice Springs,AU,2021-09-18 02:18:57,-23.7,133.8833,71.31,36,19,18.19
59,Arraial Do Cabo,BR,2021-09-18 02:18:58,-22.9661,-42.0278,69.94,93,100,12.41
60,Klaksvik,FO,2021-09-18 02:18:58,62.2266,-6.589,51.26,75,70,11.92
61,Madang,PG,2021-09-18 02:18:58,-5.2246,145.7966,87.93,64,78,7.11
62,Saint George,US,2021-09-18 02:18:58,37.1041,-113.5841,86.63,26,14,1.01
63,Hambantota,LK,2021-09-18 02:18:58,6.1241,81.1185,82.0,75,94,12.37
64,Innisfail,AU,2021-09-18 02:18:59,-17.5333,146.0333,75.18,56,100,12.35
65,Cherskiy,RU,2021-09-18 02:18:59,68.75,161.3,36.5,96,100,10.92
66,Pisco,PE,2021-09-18 02:18:59,-13.7,-76.2167,61.02,85,99,1.81
67,Liku,ID,2021-09-18 02:18:59,-0.7275,119.8922,85.46,64,90,2.46
68,Hermanus,ZA,2021-09-18 02:19:00,-34.4187,19.2345,53.8,82,0,19.53
69,Porto Nacional,BR,2021-09-18 02:14:07,-10.7081,-48.4172,84.06,24,3,1.79
70,Avarua,CK,2021-09-18 02:19:00,-21.2078,-159.775,74.97,70,15,18.03
71,Khatanga,RU,2021-09-18 02:19:00,71.9667,102.5,32.54,73,12,12.28
72,Georgetown,MY,2021-09-18 02:14:06,5.4112,100.3354,82.89,79,78,1.74
73,Oswego,US,2021-09-18 02:16:04,43.4501,-76.1497,71.91,91,43,1.99
74,Jamestown,US,2021-09-18 02:18:58,42.097,-79.2353,69.85,95,0,4.85
75,Mataura,NZ,2021-09-18 02:19:00,-46.1927,168.8643,54.48,43,7,2.66
76,Havoysund,NO,2021-09-18 02:19:01,70.9963,24.6622,42.17,79,4,8.14
77,Faanui,PF,2021-09-18 02:19:01,-16.4833,-151.75,78.31,74,13,19.44
78,Santa Teresa,VE,2021-09-18 02:16:11,10.2341,-66.6631,72.27,98,39,1.12
79,Union City,US,2021-09-18 02:14:21,37.5958,-122.0192,70.61,71,0,4.0
80,Adre,TD,2021-09-18 02:19:01,13.4667,22.2,71.53,79,100,5.59
81,Dukat,RU,2021-09-18 02:19:01,62.55,155.55,47.59,65,54,10.8
82,Eidfjord,NO,2021-09-18 02:19:02,60.4675,7.0719,52.59,79,94,5.03
83,Tuatapere,NZ,2021-09-18 02:19:02,-46.1333,167.6833,54.82,58,56,0.72
84,Concordia,AR,2021-09-18 02:19:02,-31.393,-58.0209,58.98,94,0,5.53
85,Beringovskiy,RU,2021-09-18 02:19:02,63.05,179.3167,49.32,51,9,8.28
86,Saskylakh,RU,2021-09-18 02:19:03,71.9167,114.0833,34.41,75,91,10.63
87,Suoyarvi,RU,2021-09-18 02:19:03,62.0833,32.35,39.47,95,93,4.27
88,Pangai,TO,2021-09-18 02:19:03,-19.8,-174.35,78.15,79,0,8.97
89,Mount Isa,AU,2021-09-18 02:19:03,-20.7333,139.5,86.02,23,0,6.38
90,Kavieng,PG,2021-09-18 02:19:04,-2.5744,150.7967,84.65,72,33,14.63
91,Kota Kinabalu,MY,2021-09-18 02:19:04,5.9749,116.0724,82.67,63,71,2.91
92,Antofagasta,CL,2021-09-18 02:19:04,-23.65,-70.4,58.15,77,61,6.71
93,Kudahuvadhoo,MV,2021-09-18 02:19:04,2.6708,72.8944,82.42,75,99,5.08
94,Yellowknife,CA,2021-09-18 02:18:25,62.456,-114.3525,44.98,65,100,11.99
95,Smidovich,RU,2021-09-18 02:19:05,48.6,133.8167,59.14,57,100,9.08
96,Upernavik,GL,2021-09-18 02:19:05,72.7868,-56.1549,29.62,84,100,11.52
97,Nouadhibou,MR,2021-09-18 02:19:05,20.931,-17.0347,73.83,79,100,11.25
98,Turbat,PK,2021-09-18 02:19:05,26.0023,63.044,81.79,61,0,0.25
99,Grindavik,IS,2021-09-18 02:19:05,63.8424,-22.4338,43.9,71,100,6.49
100,Zeya,RU,2021-09-18 02:19:06,53.75,127.2667,51.82,46,13,12.93
101,Caravelas,BR,2021-09-18 02:19:06,-17.7125,-39.2481,68.7,74,0,5.19
102,Lompoc,US,2021-09-18 02:19:06,34.6391,-120.4579,63.37,76,7,1.99
103,San Patricio,US,2021-09-18 02:19:07,28.017,-97.5169,83.86,64,9,10.69
104,Panzhihua,CN,2021-09-18 02:19:07,26.5851,101.7128,75.02,79,92,2.15
105,Cervo,ES,2021-09-18 02:19:07,43.6702,-7.4101,53.19,78,31,8.57
106,Mount Gambier,AU,2021-09-18 02:19:07,-37.8333,140.7667,54.46,60,34,16.96
107,Yerbogachen,RU,2021-09-18 02:19:07,61.2767,108.0108,45.82,55,24,4.32
108,Hovd,MN,2021-09-18 02:19:08,48.0056,91.6419,58.46,30,16,6.42
109,Airai,TL,2021-09-18 02:19:08,-8.9266,125.4092,76.26,27,42,6.62
110,Jinsha,CN,2021-09-18 02:19:08,32.0898,121.0735,77.56,67,0,3.91
111,Gorin,RU,2021-09-18 02:19:08,51.1983,136.6669,60.08,37,1,15.9
112,Bangkalan,ID,2021-09-18 02:19:09,-7.0455,112.7351,85.96,58,2,5.57
113,Laguna,US,2021-09-18 02:19:09,38.421,-121.4238,81.45,55,0,5.01
114,Port Keats,AU,2021-09-18 02:19:09,-14.25,129.55,87.71,52,95,9.06
115,Maniitsoq,GL,2021-09-18 02:19:09,65.4167,-52.9,35.53,50,6,11.7
116,Fortuna,US,2021-09-18 02:16:57,40.5982,-124.1573,68.18,57,74,0.49
117,Mahebourg,MU,2021-09-18 02:19:10,-20.4081,57.7,69.26,87,25,8.48
118,Victoria,HK,2021-09-18 02:17:37,22.2855,114.1577,90.97,81,85,11.52
119,Codrington,AU,2021-09-18 02:19:10,-38.2667,141.9667,54.28,60,51,24.63
120,College,US,2021-09-18 02:19:10,64.8569,-147.8028,57.99,47,32,1.01
121,Cayenne,GF,2021-09-18 02:19:10,4.9333,-52.3333,78.1,84,62,4.0
122,Chaska,US,2021-09-18 02:19:11,44.7894,-93.6022,61.83,73,0,4.79
123,Okhotsk,RU,2021-09-18 02:19:11,59.3833,143.3,51.78,72,100,8.41
124,Steamboat Springs,US,2021-09-18 02:18:37,40.485,-106.8317,61.0,32,0,1.01
125,Moorhead,US,2021-09-18 02:18:51,46.8739,-96.7676,54.99,61,29,5.68
126,Kalmunai,LK,2021-09-18 02:19:11,7.4167,81.8167,80.15,81,100,5.99
127,Vestmannaeyjar,IS,2021-09-18 02:19:11,63.4427,-20.2734,46.2,68,100,4.61
128,Tanete,ID,2021-09-18 02:19:12,-3.9443,119.7848,86.54,51,7,14.07
129,Camacha,PT,2021-09-18 02:19:12,33.0833,-16.3333,70.54,78,90,15.26
130,Bengkulu,ID,2021-09-18 02:19:12,-3.8004,102.2655,82.74,66,79,2.26
131,Pevek,RU,2021-09-18 02:19:13,69.7008,170.3133,31.35,93,100,9.66
132,Daud Khel,PK,2021-09-18 02:19:13,32.875,71.5701,87.51,55,0,2.44
133,Guatape,CO,2021-09-18 02:19:13,6.2327,-75.1586,62.01,96,10,2.75
134,Tezu,IN,2021-09-18 02:19:13,27.9167,96.1667,72.88,100,100,1.43
135,Palauig,PH,2021-09-18 02:19:14,15.435,119.9045,85.55,68,8,1.99
136,New Norfolk,AU,2021-09-18 02:19:14,-42.7826,147.0587,58.71,66,52,13.04
137,Senj,HR,2021-09-18 02:19:14,44.9894,14.9058,64.72,88,76,8.05
138,Sitka,US,2021-09-18 02:19:14,57.0531,-135.33,49.35,88,100,5.3
139,Bonavista,CA,2021-09-18 02:19:15,48.6499,-53.1147,56.12,74,89,14.7
140,Vardo,NO,2021-09-18 02:19:15,70.3705,31.1107,42.4,78,16,15.79
141,Sistranda,NO,2021-09-18 02:19:15,63.7256,8.834,50.9,78,100,6.44
142,Turukhansk,RU,2021-09-18 02:19:15,65.8167,87.9833,47.53,85,100,18.39
143,Severo-Kurilsk,RU,2021-09-18 02:19:16,50.6789,156.125,53.92,68,1,8.21
144,Tiksi,RU,2021-09-18 02:19:16,71.6872,128.8694,35.1,73,100,16.13
145,La Sarre,CA,2021-09-18 02:15:43,48.8002,-79.1996,58.73,91,100,12.3
146,Cabo San Lucas,MX,2021-09-18 02:18:22,22.8909,-109.9124,85.8,82,65,5.99
147,Esperance,AU,2021-09-18 02:19:16,-33.8667,121.9,61.09,50,22,20.92
148,Toba,JP,2021-09-18 02:19:16,34.4833,136.85,76.28,92,99,12.75
149,Westport,US,2021-09-18 02:17:41,41.1415,-73.3579,72.25,93,46,5.99
150,Tuktoyaktuk,CA,2021-09-18 02:19:17,69.4541,-133.0374,40.95,93,41,12.62
151,Vao,NC,2021-09-18 02:19:17,-22.6667,167.4833,67.75,62,0,15.86
152,Namibe,AO,2021-09-18 02:19:17,-15.1961,12.1522,60.75,92,43,5.59
153,Milkovo,RU,2021-09-18 02:19:17,54.7167,158.6167,64.45,37,42,5.03
154,Bajil,YE,2021-09-18 02:19:18,15.0584,43.2851,85.39,75,100,6.22
155,Kodiak,US,2021-09-18 02:19:18,57.79,-152.4072,52.66,68,8,14.18
156,Ancud,CL,2021-09-18 02:19:18,-41.8697,-73.8203,43.43,85,54,5.79
157,Labrea,BR,2021-09-18 02:19:18,-7.2586,-64.7981,80.42,58,99,1.28
158,Huarmey,PE,2021-09-18 02:19:19,-10.0681,-78.1522,62.49,83,92,9.01
159,Hithadhoo,MV,2021-09-18 02:19:19,-0.6,73.0833,81.99,74,78,0.51
160,Dungarpur,IN,2021-09-18 02:19:19,23.8333,73.7167,75.15,96,100,12.06
161,Dwarka,IN,2021-09-18 02:19:19,22.2394,68.9678,81.45,85,98,8.28
162,Chichimila,MX,2021-09-18 02:19:20,20.6167,-88.2167,79.7,84,100,5.55
163,Matamoros,MX,2021-09-18 02:19:20,25.5333,-103.25,82.87,25,10,10.02
164,Tual,ID,2021-09-18 02:19:20,-5.6667,132.75,79.52,84,100,16.64
165,Sinnamary,GF,2021-09-18 02:19:21,5.3833,-52.95,79.11,85,45,7.87
166,Sao Jose Da Coroa Grande,BR,2021-09-18 02:19:21,-8.8978,-35.1478,74.55,82,50,11.34
167,Bambous Virieux,MU,2021-09-18 02:19:21,-20.3428,57.7575,69.22,87,18,8.97
168,Bubaque,GW,2021-09-18 02:19:21,11.2833,-15.8333,80.8,79,20,12.64
169,Souillac,MU,2021-09-18 02:19:21,-20.5167,57.5167,69.37,87,23,5.35
170,Rabo De Peixe,PT,2021-09-18 02:19:22,37.8,-25.5833,65.41,77,49,5.57
171,Luba,GQ,2021-09-18 02:19:22,3.4568,8.5547,77.77,88,86,5.68
172,Qasigiannguit,GL,2021-09-18 02:19:22,68.8193,-51.1922,14.85,77,0,4.5
173,San Cristobal,VE,2021-09-18 02:19:22,7.7669,-72.225,66.63,89,10,2.17
174,Savannah Bight,HN,2021-09-18 02:19:23,16.45,-85.85,84.0,84,5,29.1
175,Constitucion,CL,2021-09-18 02:19:23,-35.3333,-72.4167,50.88,89,97,11.77
176,Esmeralda,CU,2021-09-18 02:19:23,21.8525,-78.1169,78.12,84,2,6.69
177,Turiacu,BR,2021-09-18 02:19:23,-1.6633,-45.3717,74.12,94,3,4.32
178,Havelock,US,2021-09-18 02:19:24,34.8791,-76.9013,74.05,96,61,4.83
179,Portland,US,2021-09-18 02:19:24,45.5234,-122.6762,75.74,61,100,3.0
180,Manbij,SY,2021-09-18 02:19:24,36.5281,37.9549,70.79,44,0,8.3
181,Punta Arenas,CL,2021-09-18 02:19:14,-53.15,-70.9167,39.07,87,100,3.09
182,Itacoatiara,BR,2021-09-18 02:19:24,-3.1431,-58.4442,73.08,95,22,2.46
183,Kokkola,FI,2021-09-18 02:19:25,63.8385,23.1307,44.92,83,100,4.97
184,Saldanha,ZA,2021-09-18 02:19:25,-33.0117,17.9442,56.68,59,0,16.22
185,Ribeira Grande,PT,2021-09-18 02:19:25,38.5167,-28.7,69.03,79,99,6.64
186,Kijang,KR,2021-09-18 02:18:52,35.2442,129.2139,72.54,74,56,9.42
187,Boone,US,2021-09-18 02:19:25,39.0334,-92.3335,77.52,70,0,7.18
188,Bereda,ES,2021-09-18 02:19:26,43.2686,-7.5406,52.41,100,46,1.28
189,Ayan,RU,2021-09-18 02:19:26,56.45,138.1667,50.92,52,22,0.63
190,Tasiilaq,GL,2021-09-18 02:19:26,65.6145,-37.6368,27.37,58,100,2.84
191,Qaanaaq,GL,2021-09-18 02:19:26,77.484,-69.3632,8.28,64,22,8.39
192,Yar-Sale,RU,2021-09-18 02:19:26,66.8333,70.8333,33.75,97,100,26.98
193,Youkounkoun,GN,2021-09-18 02:19:27,12.5333,-13.1333,74.19,98,51,4.94
194,Kenai,US,2021-09-18 02:19:27,60.5544,-151.2583,57.02,86,54,4.27
195,Arlit,NE,2021-09-18 02:19:27,18.7369,7.3853,88.65,14,1,8.97
196,Aksarka,RU,2021-09-18 02:19:27,66.5606,67.7975,33.8,97,100,29.82
197,Talara,PE,2021-09-18 02:19:28,-4.5772,-81.2719,64.11,88,47,14.09
198,Show Low,US,2021-09-18 02:19:28,34.2542,-110.0298,76.71,44,100,6.2
199,Goderich,CA,2021-09-18 02:19:28,43.7501,-81.7165,73.9,76,6,9.95
200,Araouane,ML,2021-09-18 02:19:28,18.9048,-3.5265,93.13,27,94,10.42
201,Dolores,AR,2021-09-18 02:19:29,-36.3132,-57.6792,51.62,84,44,7.56
202,Nemuro,JP,2021-09-18 02:19:29,43.3236,145.575,57.45,89,100,14.23
203,Ostrovnoy,RU,2021-09-18 02:19:29,68.0531,39.5131,41.9,80,100,8.12
204,Sai Buri,TH,2021-09-18 02:19:29,6.7013,101.6168,81.48,78,20,2.08
205,Bethel,US,2021-09-18 02:19:30,41.3712,-73.414,70.56,91,16,1.99
206,Namatanai,PG,2021-09-18 02:19:30,-3.6667,152.4333,82.96,76,54,10.71
207,Marawi,PH,2021-09-18 02:19:30,7.9986,124.2928,73.65,63,100,1.68
208,Kaeo,NZ,2021-09-18 02:19:30,-35.1,173.7833,66.33,52,50,6.89
209,Nuzvid,IN,2021-09-18 02:19:31,16.7833,80.85,80.6,79,100,2.71
210,Aswan,EG,2021-09-18 02:19:31,24.0934,32.907,78.24,36,1,7.45
211,Binzhou,CN,2021-09-18 02:19:31,37.3667,118.0167,75.27,54,63,6.11
212,Mandalgovi,MN,2021-09-18 02:19:31,45.7625,106.2708,62.92,41,56,3.85
213,Mora,CM,2021-09-18 02:19:31,11.0461,14.1401,74.7,79,74,4.61
214,Henties Bay,NA,2021-09-18 02:19:32,-22.116,14.2845,52.86,91,1,3.4
215,Nanortalik,GL,2021-09-18 02:19:32,60.1432,-45.2371,37.58,84,100,13.06
216,Port Hardy,CA,2021-09-18 02:15:43,50.6996,-127.4199,50.63,95,100,20.11
217,Thompson,CA,2021-09-18 02:19:32,55.7435,-97.8558,46.49,63,100,3.36
218,Necochea,AR,2021-09-18 02:19:32,-38.5473,-58.7368,58.03,78,53,12.77
219,Mayumba,GA,2021-09-18 02:19:33,-3.432,10.6554,74.84,87,100,8.28
220,Bredasdorp,ZA,2021-09-18 02:19:33,-34.5322,20.0403,53.28,83,0,14.56
221,Afsin,TR,2021-09-18 02:19:33,38.2477,36.914,53.65,70,0,2.82
222,Zavitinsk,RU,2021-09-18 02:19:33,50.1167,129.45,49.91,64,32,11.41
223,Naron,ES,2021-09-18 02:19:34,43.5167,-8.1528,61.02,86,18,1.61
224,Maceio,BR,2021-09-18 02:19:34,-9.6658,-35.7353,74.91,80,22,11.32
225,Conceicao Da Barra,BR,2021-09-18 02:19:34,-18.5933,-39.7322,69.19,72,7,4.38
226,Mugur-Aksy,RU,2021-09-18 02:19:34,50.35,90.5,49.1,46,49,5.12
227,Porto Novo,BJ,2021-09-18 02:19:35,6.4965,2.6036,77.11,91,43,6.22
228,Bronnoysund,NO,2021-09-18 02:19:35,65.4625,12.1997,47.05,66,75,14.67
229,Isangel,VU,2021-09-18 02:19:35,-19.55,169.2667,72.12,73,100,19.37
230,Lata,PT,2021-09-18 02:19:35,40.1629,-8.3327,62.82,96,21,3.36
231,East London,ZA,2021-09-18 02:19:36,-33.0153,27.9116,56.44,60,37,3.0
232,Fairbanks,US,2021-09-18 02:17:53,64.8378,-147.7164,58.01,48,33,1.01
233,Real,PH,2021-09-18 02:19:36,14.6625,121.6047,87.13,71,70,6.26
234,Monrovia,LR,2021-09-18 02:19:36,6.3005,-10.7969,76.93,87,84,7.07
235,Sorland,NO,2021-09-18 02:19:36,67.667,12.6934,51.46,81,100,12.62
236,Novo Aripuana,BR,2021-09-18 02:19:37,-5.1206,-60.3797,74.34,92,100,2.59
237,Sayyan,YE,2021-09-18 02:19:37,15.1718,44.3244,62.58,42,100,3.47
238,Pauini,BR,2021-09-18 02:19:37,-7.7136,-66.9764,75.2,77,11,0.89
239,Naze,JP,2021-09-18 02:19:37,28.3667,129.4833,79.95,64,2,10.49
240,Geraldton,AU,2021-09-18 02:19:37,-28.7667,114.6,62.2,48,0,5.06
241,Port Lincoln,AU,2021-09-18 02:19:38,-34.7333,135.8667,59.2,51,84,19.3
242,Keti Bandar,PK,2021-09-18 02:19:38,24.1447,67.4497,82.83,81,100,7.85
243,Richards Bay,ZA,2021-09-18 02:19:38,-28.783,32.0377,60.75,72,99,9.62
244,Estelle,US,2021-09-18 02:19:38,29.8458,-90.1067,78.98,82,100,1.01
245,Iracoubo,GF,2021-09-18 02:19:39,5.4802,-53.2011,78.53,88,32,7.65
246,Sugag,RO,2021-09-18 02:19:39,45.7667,23.6333,55.99,94,100,7.0
247,Chiredzi,ZW,2021-09-18 02:19:39,-21.05,31.6667,62.33,73,100,10.69
248,Olimpia,BR,2021-09-18 02:19:39,-20.7372,-48.9147,79.93,34,30,8.75
249,Asyut,EG,2021-09-18 02:19:40,27.181,31.1837,75.81,51,0,13.33
250,Saint Anthony,US,2021-09-18 02:19:40,45.0205,-93.218,61.14,70,5,3.85
251,Saint-Philippe,RE,2021-09-18 02:19:40,-21.3585,55.7679,67.21,78,14,2.55
252,Dhidhdhoo,MV,2021-09-18 02:19:40,6.8833,73.1,81.84,79,93,11.74
253,Pizarro,CO,2021-09-18 02:19:41,4.9533,-77.366,78.17,88,63,3.98
254,Nicoya,CR,2021-09-18 02:19:41,10.1483,-85.452,76.32,92,100,2.08
255,Nuuk,GL,2021-09-18 02:19:41,64.1835,-51.7216,36.82,67,56,4.9
256,Banjar,ID,2021-09-18 02:19:41,-8.19,114.9675,87.03,60,93,0.51
257,Dumas,US,2021-09-18 02:19:41,35.8656,-101.9732,70.03,60,0,15.23
258,Langenburg,DE,2021-09-18 02:19:42,49.2544,9.8458,50.76,85,95,1.5
259,San Andres,CO,2021-09-18 02:19:42,12.5847,-81.7006,83.08,83,100,19.19
260,Padang,ID,2021-09-18 02:17:06,-0.9492,100.3543,80.96,82,58,6.2
261,Korablino,RU,2021-09-18 02:19:42,53.9164,40.0133,34.32,86,65,6.49
262,Longyearbyen,SJ,2021-09-18 02:19:43,78.2186,15.6401,41.25,94,100,6.38
263,Half Moon Bay,US,2021-09-18 02:19:43,37.4636,-122.4286,67.91,80,28,1.01
264,Moron,AR,2021-09-18 02:18:18,-34.6534,-58.6198,63.01,67,66,5.73
265,Garowe,SO,2021-09-18 02:19:43,8.4054,48.4845,75.58,69,37,14.43
266,Ellisras,ZA,2021-09-18 02:19:44,-23.6649,27.7443,55.6,76,5,14.58
267,Carauari,BR,2021-09-18 02:19:44,-4.8828,-66.8958,73.27,98,99,2.44
268,Cozumel,MX,2021-09-18 02:19:44,20.5083,-86.9458,82.99,84,100,7.0
269,Vostok,RU,2021-09-18 02:19:44,46.4856,135.8833,65.8,50,10,10.36
270,Alta Floresta,BR,2021-09-18 02:19:44,-9.8756,-56.0861,80.53,50,67,3.62
271,Hay River,CA,2021-09-18 02:17:11,60.8156,-115.7999,48.61,71,100,9.55
272,Sebrovo,RU,2021-09-18 02:19:45,50.0981,43.2976,50.5,52,100,10.22
273,Kavaratti,IN,2021-09-18 02:19:45,10.5669,72.642,81.07,79,39,11.92
274,Bichena,ET,2021-09-18 02:19:45,10.45,38.2,51.15,79,16,3.58
275,Pangnirtung,CA,2021-09-18 02:19:45,66.1451,-65.7125,33.48,84,100,1.95
276,Upata,VE,2021-09-18 02:19:46,8.0086,-62.3989,70.79,95,39,4.03
277,Wroclaw,PL,2021-09-18 02:19:46,51.1,17.0333,58.5,87,100,1.99
278,Porbandar,IN,2021-09-18 02:17:04,21.6422,69.6093,80.19,86,95,7.36
279,Nizhniy Kuranakh,RU,2021-09-18 02:19:46,58.8353,125.4869,39.11,86,100,14.03
280,Teya,RU,2021-09-18 02:19:46,60.3778,92.6267,52.02,78,100,7.94
281,Verkhnevilyuysk,RU,2021-09-18 02:19:47,63.4453,120.3167,41.99,57,100,11.16
282,Camana,PE,2021-09-18 02:19:47,-16.6228,-72.7111,61.72,82,100,7.09
283,Athabasca,CA,2021-09-18 02:16:15,54.7169,-113.2854,50.31,39,100,6.82
284,Omsukchan,RU,2021-09-18 02:19:47,62.5333,155.8,47.34,70,68,11.05
285,Callaguip,PH,2021-09-18 02:19:47,18.0714,120.4867,83.98,71,76,3.4
286,Ambilobe,MG,2021-09-18 02:19:48,-13.2,49.05,67.69,86,42,2.28
287,Chapais,CA,2021-09-18 02:19:48,49.7834,-74.8492,64.81,63,18,15.9
288,Lavrentiya,RU,2021-09-18 02:19:48,65.5833,-171.0,42.35,65,91,10.94
289,Sao Filipe,CV,2021-09-18 02:19:48,14.8961,-24.4956,78.67,78,52,6.69
290,Malakal,SS,2021-09-18 02:19:49,9.5334,31.6605,70.36,98,100,5.5
291,Kungurtug,RU,2021-09-18 02:19:49,50.5994,97.5228,55.63,47,16,0.81
292,Weyburn,CA,2021-09-18 02:15:42,49.6668,-103.8511,57.18,19,100,11.43
293,Tessalit,ML,2021-09-18 02:19:49,20.1986,1.0114,87.46,14,3,6.29
294,Imbituba,BR,2021-09-18 02:19:49,-28.24,-48.6703,62.47,98,100,10.09
295,Kutum,SD,2021-09-18 02:19:50,14.2,24.6667,74.35,40,89,1.63
296,Vereeniging,ZA,2021-09-18 02:19:50,-26.6731,27.9261,54.84,80,0,11.36
297,Ketchikan,US,2021-09-18 02:19:50,55.3422,-131.6461,45.55,95,100,5.44
298,Clyde River,CA,2021-09-18 02:19:50,70.4692,-68.5914,29.26,77,77,4.68
299,Dalvik,IS,2021-09-18 02:19:51,65.9702,-18.5286,44.35,67,100,2.17
300,Altay,CN,2021-09-18 02:19:51,47.8667,88.1167,65.28,23,100,3.47
301,Vagur,FO,2021-09-18 02:19:51,61.4732,-6.8119,51.35,84,100,10.36
302,Cap Malheureux,MU,2021-09-18 02:19:51,-19.9842,57.6142,69.48,89,18,10.6
303,Saint-Augustin,CA,2021-09-18 02:19:52,51.226,-58.6502,54.34,82,70,17.05
304,San Jeronimo,PE,2021-09-18 02:19:52,-11.9472,-75.2829,51.78,70,53,2.01
305,Duki,PK,2021-09-18 02:19:52,30.1541,68.5728,79.47,37,0,4.32
306,Lagunas,PE,2021-09-18 02:19:52,-5.2269,-75.6753,74.89,83,99,1.88
307,Virginia Beach,US,2021-09-18 02:16:03,36.8529,-75.978,76.01,90,100,1.01
308,Kodinsk,RU,2021-09-18 02:19:52,58.6881,99.1844,49.68,61,87,5.5
309,Linjiang,CN,2021-09-18 02:19:53,41.8069,126.9078,73.54,52,16,1.52
310,Belyy Yar,RU,2021-09-18 02:19:53,53.6039,91.3903,58.39,57,89,4.74
311,Samarai,PG,2021-09-18 02:19:53,-10.6167,150.6667,78.44,84,100,19.39
312,Yarensk,RU,2021-09-18 02:19:53,62.1675,49.0916,37.69,83,97,9.8
313,Pokhara,NP,2021-09-18 02:17:25,28.2333,83.9833,73.9,72,1,0.49
314,Milledgeville,US,2021-09-18 02:19:54,33.0801,-83.2321,77.49,94,100,2.59
315,Iqaluit,CA,2021-09-18 02:19:54,63.7506,-68.5145,34.21,72,91,15.03
316,Nabire,ID,2021-09-18 02:19:54,-3.3667,135.4833,77.18,91,100,2.35
317,Praia Da Vitoria,PT,2021-09-18 02:19:54,38.7333,-27.0667,67.75,79,100,4.9
318,Nikolo-Pavlovskoye,RU,2021-09-18 02:19:55,57.7831,60.0578,34.21,92,100,6.55
319,Praia,CV,2021-09-18 02:19:55,14.9215,-23.5087,78.04,84,95,10.04
320,Talnakh,RU,2021-09-18 02:19:55,69.4865,88.3972,40.48,64,93,4.25
321,Koyelga,RU,2021-09-18 02:19:55,54.6522,60.9049,40.62,83,100,6.29
322,Sladkovo,RU,2021-09-18 02:19:56,55.5284,70.3385,40.46,80,100,11.54
323,Chuy,UY,2021-09-18 02:19:56,-33.6971,-53.4616,54.64,97,5,6.02
324,Puerto Escondido,MX,2021-09-18 02:19:56,15.85,-97.0667,80.15,86,100,3.11
325,Kamenka,RU,2021-09-18 02:19:56,51.3223,42.7678,45.61,69,100,8.08
326,Vigrestad,NO,2021-09-18 02:19:56,58.5667,5.7,55.99,70,99,19.93
327,Nurota,UZ,2021-09-18 02:19:57,40.5614,65.6886,75.72,13,0,5.66
328,Alpena,US,2021-09-18 02:19:57,45.0617,-83.4327,66.94,88,99,1.99
329,Gayeri,BF,2021-09-18 02:19:57,12.6497,0.4931,77.16,71,96,6.62
330,Shahrud,IR,2021-09-18 02:19:57,36.4182,54.9763,63.3,63,0,7.38
331,Nikolayevsk-Na-Amure,RU,2021-09-18 02:19:58,53.1406,140.73,58.95,50,17,9.69
332,Khasan,RU,2021-09-18 02:19:58,42.4308,130.6434,71.15,59,0,6.24
333,Gravdal,NO,2021-09-18 02:19:58,68.1214,13.5031,48.94,80,93,12.57
334,Luan,CH,2021-09-18 02:19:58,46.3592,6.9759,54.91,92,1,3.27
335,Imeni Poliny Osipenko,RU,2021-09-18 02:19:59,52.4201,136.4853,56.28,44,98,13.27
336,Camopi,GF,2021-09-18 02:19:59,3.1655,-52.3158,70.54,99,95,1.63
337,Walvis Bay,NA,2021-09-18 02:19:59,-22.9575,14.5053,53.1,91,0,6.15
338,Udalguri,IN,2021-09-18 02:19:59,26.7667,92.1333,75.38,97,100,4.74
339,Leningradskiy,RU,2021-09-18 02:20:00,69.3833,178.4167,31.91,99,100,2.98
340,Sao Paulo De Olivenca,BR,2021-09-18 02:20:00,-3.3783,-68.8725,72.61,98,100,2.35
341,Mozarlandia,BR,2021-09-18 02:20:00,-14.7447,-50.5706,83.91,21,0,7.25
342,Rocha,UY,2021-09-18 02:20:00,-34.4833,-54.3333,50.99,97,1,5.86
343,Chimbote,PE,2021-09-18 02:20:01,-9.0853,-78.5783,61.61,86,98,9.22
344,Roebourne,AU,2021-09-18 02:20:01,-20.7833,117.1333,80.74,23,0,21.81
345,Axim,GH,2021-09-18 02:20:01,4.8699,-2.2405,75.07,93,59,6.58
346,Rio Verde De Mato Grosso,BR,2021-09-18 02:20:01,-18.9181,-54.8442,89.69,24,92,2.1
347,Katherine,AU,2021-09-18 02:20:02,-14.4667,132.2667,95.0,14,74,10.25
348,Sakakah,SA,2021-09-18 02:20:05,29.9697,40.2064,78.48,29,0,13.38
349,Ipoh,MY,2021-09-18 02:20:05,4.5841,101.0829,81.66,82,85,0.89
350,Sabha,LY,2021-09-18 02:20:05,27.0377,14.4283,77.14,25,0,12.66
351,Yulara,AU,2021-09-18 02:20:06,-25.2406,130.9889,72.9,23,0,17.27
352,Tilichiki,RU,2021-09-18 02:20:06,60.4667,166.1,52.75,62,99,4.97
353,Bemidji,US,2021-09-18 02:19:13,47.4736,-94.8803,47.64,90,53,3.13
354,Chalinze,TZ,2021-09-18 02:20:06,-6.6378,38.354,68.23,89,8,0.83
355,Turtas,RU,2021-09-18 02:20:06,58.9417,69.1325,37.74,87,100,12.71
356,Raga,SS,2021-09-18 02:20:07,8.4596,25.678,65.93,95,100,3.74
357,Englewood,US,2021-09-18 02:15:42,39.6478,-104.9878,67.51,53,2,3.85
358,Ossora,RU,2021-09-18 02:20:07,59.2353,163.0719,57.96,64,9,4.65
359,Ulaanbaatar,MN,2021-09-18 02:18:24,47.9077,106.8832,58.08,60,40,0.76
360,Fukue,JP,2021-09-18 02:20:07,32.6881,128.8419,76.06,75,79,15.19
361,Diamantino,BR,2021-09-18 02:20:07,-14.4086,-56.4461,82.06,25,1,2.84
362,Touros,BR,2021-09-18 02:20:08,-5.1989,-35.4608,76.95,79,100,16.02
363,Quatre Cocos,MU,2021-09-18 02:20:08,-20.2078,57.7625,69.1,87,12,8.7
364,Yeniseysk,RU,2021-09-18 02:20:08,58.4497,92.1703,53.1,79,100,12.77
365,Calvia,ES,2021-09-18 02:20:08,39.5657,2.5062,70.92,88,0,7.16
366,Whittlesea,ZA,2021-09-18 02:20:09,-32.1759,26.8244,39.65,86,54,4.79
367,Burnie,AU,2021-09-18 02:20:09,-41.0667,145.9167,50.95,76,28,19.44
368,Galdar,ES,2021-09-18 02:20:09,28.147,-15.6502,72.7,78,70,14.38
369,Concepcion Del Uruguay,AR,2021-09-18 02:20:09,-32.4825,-58.2372,58.82,81,3,7.38
370,Ballina,AU,2021-09-18 02:20:10,-28.8667,153.5667,77.77,54,20,16.67
371,Nancha,CN,2021-09-18 02:20:10,47.1333,129.2667,56.68,72,100,6.15
372,Kasempa,ZM,2021-09-18 02:20:10,-13.4584,25.8338,68.13,29,8,5.79
373,Yaan,NG,2021-09-18 02:20:10,7.3833,8.5667,73.51,95,100,3.11
374,Prince Rupert,CA,2021-09-18 02:20:10,54.3161,-130.3201,46.13,91,100,9.31
375,Neftcala,AZ,2021-09-18 02:20:11,39.3742,49.2472,67.91,68,0,13.18
376,Wad Madani,SD,2021-09-18 02:20:11,14.4012,33.5199,78.15,69,85,2.35
377,Ostersund,SE,2021-09-18 02:20:11,63.1792,14.6357,41.16,76,100,7.52
378,Saquarema,BR,2021-09-18 02:20:12,-22.92,-42.5103,68.54,94,82,9.33
379,New Glasgow,CA,2021-09-18 02:15:43,45.5834,-62.6486,65.79,96,6,9.42
380,Coquimbo,CL,2021-09-18 02:20:12,-29.9533,-71.3436,54.81,88,16,1.32
381,Talcahuano,CL,2021-09-18 02:15:19,-36.7167,-73.1167,50.9,90,100,10.36
382,Qingyuan,CN,2021-09-18 02:20:12,23.7,113.0333,85.12,75,17,3.67
383,Ust-Maya,RU,2021-09-18 02:20:12,60.4167,134.5333,44.64,75,100,1.54
384,Thinadhoo,MV,2021-09-18 02:20:13,0.5333,72.9333,82.53,72,68,3.89
385,Mehamn,NO,2021-09-18 02:20:13,71.0357,27.8492,40.23,81,9,10.02
386,Bud,US,2021-09-18 02:20:13,39.447,-86.1758,74.98,88,0,1.25
387,Worcester,US,2021-09-18 02:20:13,42.3334,-71.8328,64.83,91,98,3.22
388,Peachland,CA,2021-09-18 02:16:33,49.7665,-119.7357,57.52,68,100,3.4
389,Olafsvik,IS,2021-09-18 02:20:13,64.8945,-23.7142,44.6,65,100,6.96
390,Ngama,TD,2021-09-18 02:20:14,11.7833,17.1667,77.11,76,100,9.35
391,Iskateley,RU,2021-09-18 02:20:14,67.6803,53.1512,39.29,77,96,16.73
392,Salalah,OM,2021-09-18 02:20:14,17.0151,54.0924,78.75,91,98,4.63
393,Kysyl-Syr,RU,2021-09-18 02:20:14,63.8986,122.7617,41.99,62,79,12.21
394,Tazovskiy,RU,2021-09-18 02:20:15,67.4667,78.7,41.72,92,100,23.8
395,Norman Wells,CA,2021-09-18 02:20:13,65.282,-126.8329,49.57,66,100,9.57
396,Kumluca,TR,2021-09-18 02:20:15,36.3703,30.2869,75.88,27,0,5.88
397,Kropotkin,RU,2021-09-18 02:20:15,45.4375,40.5756,53.42,76,2,3.96
398,Hrusovany Nad Jevisovkou,CZ,2021-09-18 02:20:15,48.8299,16.4027,60.21,94,99,1.01
399,Aleksandrovskoye,RU,2021-09-18 02:20:16,44.7142,43.0008,49.3,79,10,4.59
400,Birobidzhan,RU,2021-09-18 02:20:16,48.8,132.95,62.4,30,27,13.8
401,Mazyr,BY,2021-09-18 02:20:16,52.0495,29.2456,50.65,95,100,14.25
402,Kudat,MY,2021-09-18 02:20:16,6.8837,116.8477,83.32,65,85,3.42
403,Deception Bay,AU,2021-09-18 02:20:17,-27.2,153.0333,80.42,53,2,12.48
404,Igunga,TZ,2021-09-18 02:20:17,-4.2833,33.8833,76.75,47,89,4.14
405,Winnemucca,US,2021-09-18 02:20:17,40.973,-117.7357,71.11,13,0,7.74
406,Lorengau,PG,2021-09-18 02:20:17,-2.0226,147.2712,85.24,69,94,10.71
407,Mango,US,2021-09-18 02:20:17,27.9797,-82.3065,79.88,96,100,1.01
408,Viru,PE,2021-09-18 02:17:16,-8.4167,-78.75,64.6,79,66,3.22
409,Atar,MR,2021-09-18 02:20:18,20.5169,-13.0499,86.72,42,99,4.9
410,Lichinga,MZ,2021-09-18 02:20:18,-13.3128,35.2406,63.72,56,5,4.0
411,Haridwar,IN,2021-09-18 02:20:18,29.9667,78.1667,75.06,74,0,2.26
412,Las Vegas,US,2021-09-18 02:16:03,36.175,-115.1372,89.42,29,31,4.0
413,Grand Gaube,MU,2021-09-18 02:20:18,-20.0064,57.6608,69.39,89,18,10.76
414,Kosh-Agach,RU,2021-09-18 02:20:19,50.0,88.6667,47.62,43,100,1.97
415,Wajir,KE,2021-09-18 02:20:19,1.7471,40.0573,73.71,65,77,12.53
416,Bardiyah,LY,2021-09-18 02:20:19,31.7561,25.0865,75.45,77,0,14.16
417,Senno,RU,2021-09-18 02:20:19,59.5336,33.9167,42.24,70,100,3.47
418,Pimenta Bueno,BR,2021-09-18 02:20:20,-11.6725,-61.1936,83.14,48,33,1.3
419,Guerrero Negro,MX,2021-09-18 02:16:09,27.9769,-114.0611,69.84,79,19,17.85
420,Karpathos,GR,2021-09-18 02:20:20,35.507,27.2132,75.9,66,0,8.79
421,Brae,GB,2021-09-18 02:20:20,60.3964,-1.353,54.59,97,100,10.71
422,Bitung,ID,2021-09-18 02:20:20,1.4451,125.1824,82.72,75,73,13.15
423,Kirkwall,GB,2021-09-18 02:20:21,58.9848,-2.9587,52.97,92,72,6.31
424,Fort Nelson,CA,2021-09-18 02:20:21,58.8053,-122.7002,50.23,58,100,1.34
425,Narsaq,GL,2021-09-18 02:20:21,60.9167,-46.05,37.56,79,99,1.45
426,Nome,US,2021-09-18 02:20:21,64.5011,-165.4064,40.15,82,100,14.12
427,Kruisfontein,ZA,2021-09-18 02:20:22,-34.0033,24.7314,44.89,87,0,4.88
428,Mayo,US,2021-09-18 02:20:22,38.8876,-76.5119,75.16,93,13,5.01
429,Chokurdakh,RU,2021-09-18 02:20:22,70.6333,147.9167,35.29,61,97,12.12
430,Santa Rosa,PH,2021-09-18 02:20:22,14.3122,121.1114,87.1,74,88,8.9
431,Chakrata,IN,2021-09-18 02:20:23,30.7,77.85,60.64,86,24,3.44
432,Katobu,ID,2021-09-18 02:20:23,-4.9408,122.5276,84.69,57,100,8.14
433,Oranjestad,AW,2021-09-18 02:20:13,12.524,-70.027,83.08,83,0,24.74
434,Gimli,CA,2021-09-18 02:20:23,50.6336,-96.9907,50.43,57,98,1.3
435,Aasiaat,GL,2021-09-18 02:20:23,68.7098,-52.8699,16.41,74,3,7.14
436,Hami,CN,2021-09-18 02:20:23,42.8,93.45,73.89,28,21,7.23
437,Cockburn Town,TC,2021-09-18 02:19:48,21.4612,-71.1419,82.94,78,81,18.7
438,San Rafael,AR,2021-09-18 02:16:29,-34.6177,-68.3301,62.8,26,0,8.46
439,La Asuncion,VE,2021-09-18 02:20:24,11.0333,-63.8628,80.69,83,98,14.74
440,Komsomolskiy,UZ,2021-09-18 02:18:16,40.4272,71.7189,70.36,21,0,1.07
441,Tonj,SS,2021-09-18 02:20:24,7.2737,28.6822,69.8,97,100,0.96
442,Sioux Lookout,CA,2021-09-18 02:20:24,50.1001,-91.917,44.33,80,14,5.73
443,Tommot,RU,2021-09-18 02:20:25,58.9564,126.2925,39.83,88,100,15.9
444,Dickinson,US,2021-09-18 02:20:25,29.4608,-95.0513,83.16,88,0,5.12
445,Buta,CD,2021-09-18 02:20:25,2.7858,24.73,66.94,99,99,2.33
446,Tshikapa,CD,2021-09-18 02:20:25,-6.4167,20.8,71.62,84,12,3.2
447,Bull Savanna,JM,2021-09-18 02:20:25,17.8868,-77.5902,78.08,84,77,6.76
448,Dembi Dolo,ET,2021-09-18 02:20:26,8.5333,34.8,56.57,97,97,2.73
449,Mareeba,AU,2021-09-18 02:20:26,-17.0,145.4333,78.48,52,0,11.3
450,Sola,VU,2021-09-18 02:20:26,-13.8833,167.55,79.84,79,11,18.52
451,Shakawe,BW,2021-09-18 02:20:26,-18.3667,21.85,62.96,17,0,5.53
452,Ballitoville,ZA,2021-09-18 02:20:27,-29.539,31.2144,57.24,73,58,9.31
453,Mahajanga,MG,2021-09-18 02:20:27,-15.7167,46.3167,72.97,82,38,7.92
454,Swakopmund,NA,2021-09-18 02:20:27,-22.6833,14.5333,52.99,85,0,1.99
455,Igarka,RU,2021-09-18 02:20:27,67.4667,86.5833,44.22,84,100,20.8
456,Beira,MZ,2021-09-18 02:20:28,-19.8436,34.8389,71.13,82,100,20.38
457,Aranos,NA,2021-09-18 02:20:28,-24.1333,19.1167,55.13,21,0,10.13
458,Qena,EG,2021-09-18 02:20:28,26.1615,32.7183,77.13,39,0,5.17
459,Uspenka,UA,2021-09-18 02:20:28,48.3903,39.1619,54.0,56,83,6.33
460,Ponta Delgada,PT,2021-09-18 02:20:28,37.7333,-25.6667,66.97,77,64,6.06
461,Burley,US,2021-09-18 02:20:29,42.5357,-113.7928,66.67,19,0,2.53
462,Orotukan,RU,2021-09-18 02:20:29,62.2667,151.7,53.15,54,100,21.18
463,Makakilo City,US,2021-09-18 02:20:29,21.3469,-158.0858,80.69,70,100,18.9
464,Okha,RU,2021-09-18 02:20:29,53.5739,142.9478,58.46,63,75,13.42
465,Udarnyy,RU,2021-09-18 02:20:30,54.3409,42.8611,32.63,92,4,3.96
466,Sosnovo-Ozerskoye,RU,2021-09-18 02:20:30,52.5249,111.5418,50.88,52,73,8.59
467,Cairns,AU,2021-09-18 02:20:30,-16.9167,145.7667,83.1,57,78,1.99
468,Koungheul,SN,2021-09-18 02:20:30,13.9833,-14.8,75.51,95,100,7.83
469,Hof,DE,2021-09-18 02:20:31,50.3167,11.9167,54.63,86,91,4.65
470,Oranjemund,NA,2021-09-18 02:20:31,-28.55,16.4333,57.16,72,0,5.88
471,Moerai,PF,2021-09-18 02:20:31,-22.4333,-151.3333,72.18,68,2,16.37
472,Tuscaloosa,US,2021-09-18 02:16:46,33.2098,-87.5692,76.89,97,45,4.25
473,Bridlington,GB,2021-09-18 02:20:31,54.0831,-0.1919,61.9,84,100,6.2
474,Cooma,AU,2021-09-18 02:20:32,-36.2333,149.1333,58.77,53,27,18.59
475,Zachary,US,2021-09-18 02:20:32,30.6485,-91.1565,79.74,97,100,5.23
476,Banda Aceh,ID,2021-09-18 02:20:32,5.5577,95.3222,83.86,71,71,5.23
477,Kahului,US,2021-09-18 02:17:56,20.8947,-156.47,83.97,79,90,14.97
478,Mizan Teferi,ET,2021-09-18 02:20:32,6.9833,35.5833,59.61,98,97,1.28
479,Pascagoula,US,2021-09-18 02:20:33,30.3658,-88.5561,76.5,100,100,10.16
480,Bhimunipatnam,IN,2021-09-18 02:20:33,17.8833,83.4333,81.59,77,100,4.16
481,Shubarshi,KZ,2021-09-18 02:20:33,48.5872,57.1869,41.29,72,0,6.58
482,Marsh Harbour,BS,2021-09-18 02:20:33,26.5412,-77.0636,83.75,70,14,6.04
483,Price,US,2021-09-18 02:20:04,39.5994,-110.8107,70.12,17,0,2.51
484,Puerto Baquerizo Moreno,EC,2021-09-18 02:20:33,-0.9,-89.6,68.41,91,100,10.07
485,Snina,SK,2021-09-18 02:20:34,48.9886,22.151,56.34,87,92,3.56
486,Dawei,MM,2021-09-18 02:20:34,14.0833,98.2,81.45,78,31,0.6
487,Yanam,IN,2021-09-18 02:20:34,16.7333,82.2167,80.15,84,99,3.51
488,Jalu,LY,2021-09-18 02:20:34,29.0331,21.5482,75.52,35,0,7.25
489,Russell,US,2021-09-18 02:20:35,32.3502,-85.1999,75.79,93,100,1.63
490,Avera,US,2021-09-18 02:20:35,33.194,-82.5271,75.74,62,100,4.85
491,Cabedelo,BR,2021-09-18 02:20:35,-6.9811,-34.8339,75.87,80,77,15.3
492,Basco,PH,2021-09-18 02:20:35,20.4487,121.9702,84.36,77,72,12.66
493,Am Timan,TD,2021-09-18 02:20:36,11.0297,20.2827,69.12,97,100,7.43
494,Kulhudhuffushi,MV,2021-09-18 02:20:36,6.6221,73.07,81.93,78,75,11.92
495,Belaya Gora,RU,2021-09-18 02:20:36,68.5333,146.4167,39.33,91,100,13.62
496,Muhos,FI,2021-09-18 02:20:36,64.808,25.9931,39.88,83,100,3.56
497,Cedar City,US,2021-09-18 02:20:37,37.6775,-113.0619,69.4,30,12,4.5
498,Nizhniy Tsasuchey,RU,2021-09-18 02:20:37,50.5167,115.1333,47.98,55,100,9.1
499,Shingu,JP,2021-09-18 02:20:37,33.7333,135.9833,78.91,82,98,7.27
500,Williamsport,US,2021-09-18 02:15:48,41.2412,-77.0011,69.53,97,25,1.01
501,Bekhtery,UA,2021-09-18 02:20:37,46.251,32.2927,68.09,74,100,15.26
502,Aklavik,CA,2021-09-18 02:20:37,68.2191,-135.0107,42.82,83,100,9.84
503,Barra,BR,2021-09-18 02:20:38,-11.0894,-43.1417,77.76,45,4,9.19
504,Vanavara,RU,2021-09-18 02:20:38,60.34,102.2797,46.08,55,64,8.16
505,Tarauaca,BR,2021-09-18 02:20:38,-8.1614,-70.7656,74.52,82,12,2.55
506,San-Pedro,CI,2021-09-18 02:20:38,4.7485,-6.6363,74.28,95,75,6.64
507,Huilong,CN,2021-09-18 02:20:39,31.8111,121.655,82.98,69,0,3.18
508,Pochutla,MX,2021-09-18 02:20:39,15.7432,-96.4661,78.82,89,100,2.64
509,Palmer,US,2021-09-18 02:20:39,42.1584,-72.3287,68.99,79,84,4.45
510,Zhigansk,RU,2021-09-18 02:20:39,66.7697,123.3711,38.62,89,100,15.3
511,Kilindoni,TZ,2021-09-18 02:20:40,-7.9139,39.6668,75.83,78,28,8.1
512,Fuxin,CN,2021-09-18 02:20:40,42.0156,121.6589,73.0,45,78,1.74
513,Korla,CN,2021-09-18 02:20:40,41.7597,86.1469,72.73,29,0,4.23
514,Suileng,CN,2021-09-18 02:20:40,47.25,127.0833,56.59,68,100,14.27
515,Wilmington,US,2021-09-18 02:18:27,34.2257,-77.9447,79.86,85,100,4.81
516,Provideniya,RU,2021-09-18 02:20:41,64.3833,-173.3,43.68,66,99,12.91
517,Douentza,ML,2021-09-18 02:20:41,14.9951,-2.9517,84.0,51,100,2.42
518,High Level,CA,2021-09-18 02:20:41,58.5169,-117.136,50.67,59,100,8.7
519,Honiara,SB,2021-09-18 02:20:41,-9.4333,159.95,86.41,68,94,12.55
520,Krasnomayskiy,RU,2021-09-18 02:20:41,57.6194,34.4099,35.29,89,80,3.67
521,Unecha,RU,2021-09-18 02:20:42,52.8459,32.6739,44.91,96,100,19.24
522,Ca Mau,VN,2021-09-18 02:20:42,9.1769,105.15,85.48,70,85,0.81
523,Najran,SA,2021-09-18 02:20:42,17.4924,44.1277,74.41,18,11,4.83
524,Washington,US,2021-09-18 02:17:49,47.5001,-120.5015,59.92,54,100,2.48
525,Nynashamn,SE,2021-09-18 02:20:42,58.9034,17.9479,51.12,66,93,15.14
526,Kagoro,NG,2021-09-18 02:20:43,9.6,8.3833,67.55,94,100,2.91
527,Broken Hill,AU,2021-09-18 02:20:43,-31.95,141.4333,62.19,31,0,14.63
528,Amapa,BR,2021-09-18 02:20:43,1.0,-52.0,72.16,97,100,3.2
529,Varhaug,NO,2021-09-18 02:20:43,58.6147,5.6457,55.89,69,98,19.04
530,Awjilah,LY,2021-09-18 02:20:44,29.1081,21.2869,75.4,40,0,6.53
531,Bacong,PH,2021-09-18 02:19:37,9.2464,123.2956,86.23,68,71,3.78
532,Diego De Almagro,CL,2021-09-18 02:20:44,-26.3667,-70.05,59.7,35,0,1.66
533,Dingle,PH,2021-09-18 02:20:44,10.9995,122.6711,82.53,79,100,4.72
534,Evensk,RU,2021-09-18 02:20:44,61.95,159.2333,48.16,90,100,10.38
535,Salamiyah,SY,2021-09-18 02:20:45,35.0113,37.0532,65.73,75,0,4.52
536,Meadow Lake,US,2021-09-18 02:20:45,34.8014,-106.5436,82.47,19,0,2.37
537,Dmytrivka,UA,2021-09-18 02:20:45,45.9717,28.9864,64.09,86,100,8.7
538,Menongue,AO,2021-09-18 02:20:45,-14.6585,17.691,59.86,25,23,3.24
539,Boende,CD,2021-09-18 02:20:46,-0.2167,20.8667,69.89,88,90,2.98
540,Lhokseumawe,ID,2021-09-18 02:20:46,5.1801,97.1507,81.95,77,100,3.58
541,Abancay,PE,2021-09-18 02:20:46,-13.6339,-72.8814,58.51,87,81,3.51
542,Taltal,CL,2021-09-18 02:20:46,-25.4,-70.4833,59.79,73,17,3.96
543,Umm Lajj,SA,2021-09-18 02:20:47,25.0213,37.2685,79.79,73,90,6.64
544,Halifax,CA,2021-09-18 02:19:29,44.6453,-63.5724,64.69,94,40,1.99
545,Husavik,IS,2021-09-18 02:20:47,66.0449,-17.3389,42.49,87,100,1.01
546,Poindimie,NC,2021-09-18 02:20:47,-20.9333,165.3333,75.58,45,0,12.33
547,Muros,ES,2021-09-18 02:20:47,42.7762,-9.0603,59.23,95,2,5.26
548,Sobolevo,RU,2021-09-18 02:20:47,54.4299,31.8996,39.63,74,100,17.27
549,Kallaste,EE,2021-09-18 02:20:48,58.655,27.1592,39.29,70,100,15.88
550,Podgorica,ME,2021-09-18 02:20:48,42.4411,19.2636,68.5,85,83,2.3
551,Flinders,AU,2021-09-18 02:20:48,-34.5833,150.8552,74.05,57,96,1.01
552,Faya,SA,2021-09-18 02:20:48,18.3851,42.4509,65.98,54,35,2.73
